<?xml version="1.0" encoding="UTF-8"?>
<project-private xmlns="http://www.netbeans.org/ns/project-private/1">
    <editor-bookmarks xmlns="http://www.netbeans.org/ns/editor-bookmarks/2" lastBookmarkId="0"/>
    <open-files xmlns="http://www.netbeans.org/ns/projectui-open-files/2">
        <group>
            <file>file:/C:/School-Management-system-master_2/src/studentrecordmanagement/Reg.java</file>
            <file>file:/C:/School-Management-system-master_2/src/studentrecordmanagement/User.java</file>
            <file>file:/C:/School-Management-system-master_2/src/studentrecordmanagement/Tadmin.java</file>
            <file>file:/C:/School-Management-system-master_2/src/studentrecordmanagement/School_Management_Project.java</file>
            <file>file:/C:/School-Management-system-master_2/src/studentrecordmanagement/Getpicture.java</file>
            <file>file:/C:/School-Management-system-master_2/src/studentrecordmanagement/Teacherhome.java</file>
            <file>file:/C:/School-Management-system-master_2/src/studentrecordmanagement/NoticeAdmin.java</file>
            <file>file:/C:/School-Management-system-master_2/src/studentrecordmanagement/SetingAll.java</file>
            <file>file:/C:/School-Management-system-master_2/src/studentrecordmanagement/SettingAll.java</file>
            <file>file:/C:/School-Management-system-master_2/src/studentrecordmanagement/Home.java</file>
            <file>file:/C:/School-Management-system-master_2/src/studentrecordmanagement/Sadmin.java</file>
            <file>file:/C:/School-Management-system-master_2/src/studentrecordmanagement/UserLogin.java</file>
            <file>file:/C:/School-Management-system-master_2/src/studentrecordmanagement/DBConnection.java</file>
            <file>file:/C:/School-Management-system-master_2/src/studentrecordmanagement/Studenthome.java</file>
        </group>
    </open-files>
</project-private>
